modelo,tipo_relacion,caso,resultado_base,resultado_transformado,cumple_mr,error_tecnico,tiempo_segundos
deepseek,Generalización,Suma de los primeros 100 números naturales,"-1,1,1,1,1,2,2,2,2,50,100,100,100,100,100,101,5050,5050,5050",5050,False,False,411.36
deepseek,Generalización,Suma de ángulos (30 + 60),0.866,0.86602540378,True,False,28.76
deepseek,Generalización,"Suma de logaritmos (a=8, b=16)",4,4,True,False,27.0
deepseek,Generalización,Derivada de x^33,"32,33","32,33",True,False,24.57
deepseek,Generalización,Derivada de 2x^5 + 1x^4 + 5x^3 + 4x^2 + 4x^1 + 3,"2,3,4,4,4,8,10,15","2,3,4,4,4,8,10,15",True,False,48.51
deepseek,Generalización,Integral de x^33,0.0294117647,"33,34,34",False,False,30.97
deepseek,Generalización,Integral de 2x^5 + 9x^4 + 2x^3 + 7x^2 + 1x^1 + 1,0.5,0.5,True,False,63.47
deepseek,Generalización,Suma telescopica (n=11),0.9166666667,1,False,False,98.89
deepseek,Generalización,"Progresión geométrica (a=2, r=2, n=11)",10233,4094,False,False,42.49
deepseek,Generalización,Suma alternante (n=7),15,-4,False,False,26.92
deepseek,Generalización,"Progresión aritmética (a=3, d=2, n=7)",42,42,True,False,27.53
deepseek,Generalización,Perímetro de la circunferencia,31.41592653589793,31.41592653589793,True,False,33.56
deepseek,Generalización,Suma ponderada (n=5),"1,1,1,1,1,2,2,2,2,2,2,2,2,2,2,2,2,2,2,2,2,2,2,3,3,3,3,3,4,4,4,4,4,4,5,5,5,5,5,8,8,8,10,10,16,24,24,32,34,34,64,64,98,98,160,160,258,258","-1,-1,-1,1,1,1,2,2,2,2,2,2,2,2,2,4,4,5,5,5,5,5,5,6,6,64,64,256,258,258,258",False,False,144.84
deepseek,Generalización,Suma de cuadrados (n=7),35,35,True,False,30.77
deepseek,Generalización,Suma de cubos de 1 a 7,351,140425,False,False,23.25
deepseek,Generalización,Suma de diferencias cúbicas (n=7),127,343,False,False,31.94
deepseek,Generalización,Producto telescopico (n=7),ERROR,0.125,False,True,616.41
deepseek,Generalización,Caso factorial n=5,120,120,True,False,17.39
deepseek,Generalización,Caso límite: sin(x)/x,0.999999999999999,1,True,False,23.97
deepseek,Generalización,Binomio de Newton (2 + 3)^5,32,1,False,False,24.08
deepseek,Generalización,"Esperanza binomial (n=5, p=0.5)",0,2.5,False,False,21.72
deepseek,Generalización,# aristas de un grafo completo de 8 vértices,28,28,True,False,23.06
deepseek,Generalización,Área de la circunferencia,"3.1415926535,25",25,False,False,31.79
deepseek,Generalización,Aproximación por series de Taylor,10,3,False,False,37.29
deepseek,Generalización,Caso media aritmética,4.2,4.2,True,False,18.35
deepseek,Generalización,Cuadrado de la suma,49,9,False,False,19.3
deepseek,Generalización,Cuadrado de la resta,25,25,True,False,19.84
deepseek,Generalización,Suma por diferencia,48,100,False,False,23.21
deepseek,Generalización,Seno del ángulo doble (45),1,0.7071,False,False,21.95
deepseek,Generalización,tangente de 60,3,1.7321,False,False,18.62
deepseek,Verificación de solución,Evaluación de la solución de la ecuación 2*x + 3 = 11,3.5,no,True,False,22.15
deepseek,Verificación de solución,"Evaluación de la solución al sistema de ecuaciones 4*x + 7*y = 1, 9*x - 5*y = 23","0.5,3",no,True,False,27.63
deepseek,Verificación de solución,"Evaluación de la solución al sistema de ecuaciones x^2 + y = 5, x + y = 3","1,2",si,True,False,23.84
deepseek,Verificación de solución,"Evaluación de la solución al sistema de ecuaciones sqrt(x) + y = 5, x + y = 7","2,3",si,False,False,24.33
deepseek,Verificación de solución,"Evaluación de la solución al sistema de ecuaciones x*y = 6, x + y = 5","2,3",si,True,False,23.8
deepseek,Verificación de solución,"Evaluación de la solución al sistema de ecuaciones x/2 + y = 3, x - y = 1","1,2",si,False,False,23.8
deepseek,Verificación de solución,"Evaluación de la solución al sistema de ecuaciones (1/2)*x + (1/3)*y = 7/6, (1/4)*x - (1/5)*y = -3/20","0.5,1",si,False,False,36.3
deepseek,Verificación de solución,"Evaluación de la solución al sistema de ecuaciones 2/x + 3/y = 2, 4/x - 3/y = 1","2,3",si,True,False,27.67
deepseek,Verificación de solución,"Evaluación de la solución al sistema de ecuaciones 123*x + 456*y = 789, x - y = 1","1,123,456,789",no,True,False,35.37
deepseek,Verificación de solución,"Evaluación de la solución al sistema de ecuaciones x + y + z = 0, x + y - z = 2, 2*x - y + 3*z = -1","-1,-1,2",si,False,False,33.59
deepseek,Verificación de solución,"Evaluación de la solución al sistema de ecuaciones (1/2)*x + (1/3)*y + (1/4)*z = 13/12, (1/3)*x - (1/2)*y + (1/5)*z = 1/30, (1/4)*x + (1/4)*y - (1/3)*z = 1/6","1,2,3",si,False,False,56.33
deepseek,Verificación de solución,Evaluación de la solución de la ecuación x^2 = 9,"-3,3",no,False,False,19.97
deepseek,Verificación de solución,"Evaluación de la solución al sistema de ecuaciones 6/x + 4/y + 2/z = 12, 3/x - 2/y + 4/z = 5, 9/x - 2/y - 2/z = 5","1,2,3",si,False,False,38.13
deepseek,Verificación de solución,"Evaluación de la solución al sistema de ecuaciones sqrt(2)*x + sqrt(3)*y + sqrt(5)*z = sqrt(2)+sqrt(3)+sqrt(5), sqrt(3)*x + sqrt(5)*y + sqrt(2)*z = sqrt(3)+sqrt(5)+sqrt(2), sqrt(5)*x + sqrt(2)*y + sqrt(3)*z = sqrt(5)+sqrt(2)+sqrt(3)","1,1,1",no,False,False,56.55
deepseek,Verificación de solución,"Evaluación de la solución al sistema de ecuaciones x + 2*y - z + 3*t = -8, 2*x + 2*z -t = 13, -x + y + z - t = 8, 3*x +3*y - z + 2*t = -1","-4,-2,1,3",no,True,False,45.1
deepseek,Verificación de solución,Evaluación de la solución a la integral definida x^2 entre 0 y 2,4,no,True,False,18.01
deepseek,Verificación de solución,Evaluación de la solución a la integral definida x^2 + 2*x + 1 entre 0 y 1,1,no,True,False,20.74
deepseek,Verificación de solución,Evaluación de la solución a la integral definida sin(x) entre 0 y 6.283185307179586,0.000799,no,True,False,27.91
deepseek,Verificación de solución,Evaluación de la solución a la integral definida abs(x) entre -1 y 1,0.6667,no,True,False,20.38
deepseek,Verificación de solución,Evaluación de la solución a la integral definida x*exp(x) entre 0 y 2,6.38905609893065,no,True,False,27.46
deepseek,Verificación de solución,Evaluación de la primalidad de 997,no,"1,3,31,93,331,993,997",True,False,20.12
deepseek,Verificación de solución,"Evaluación del producto de matrices A=[[1, 2], [3, 4]] y B=[[2, 0], [1, 2]]","4,4,8,10","0,0,0,0,0,1,1,1,1,1,1,1,1,1,1,2,2,2,2,2,2,2,2,2,2,2,2,2,2,2,3,3,3,4,4,4,4,4,4,4,4,4,4,4,4,4,6,8,8,8,8,8,10,10,10,10",True,False,126.29
deepseek,Verificación de solución,Evaluación de la solución de la ecuación (x - 2)*(x - 3) = 0,"2,3",no,False,False,23.83
deepseek,Verificación de solución,"Evaluación de la matriz inversa de A=[[2, 1], [5, 3]]","-5,-1,2,3","-5,-5,-5,-5,-5,-2,-1,-1,-1,-1,0,0,0,0,0,0,1,1,1,1,1,1,1,1,1,1,2,2,2,2,2,2,2,2,2,2,2,3,3,3,3,3,3,3,3,5,5,5,5,5,6,6,15,15",True,False,174.84
deepseek,Verificación de solución,Evaluación de la solución de la ecuación x^5 - x^4 - x + 1 = 0,"-1,-1,1,1,1",no,False,False,36.44
deepseek,Verificación de solución,Evaluación de la solución de la ecuación (x^2 - 1)/(x - 1) = 0,"-1,1",no,False,False,24.03
deepseek,Verificación de solución,Evaluación de la solución de la ecuación log(x - 1) = 0,1,no,True,False,18.78
deepseek,Verificación de solución,Evaluación de la solución de la ecuación sqrt(x - 1) = x - 3,"-1,4",no,True,False,22.33
deepseek,Verificación de solución,"Evaluación de la solución al sistema de ecuaciones x + y = 5, x - y = 1","2,3",si,True,False,23.64
deepseek,Verificación de solución,"Evaluación de la solución al sistema de ecuaciones x + y = 1, 2*x - y = -2","-1,1",si,False,False,24.21
deepseek,Contexto Previo,Resolver la ecuacion x^2 - 5x + 6 = 0; sin y con contexto previo,"2,3","2,3",True,False,9.72
deepseek,Contexto Previo,Calcular sqrt(9 + 16); sin y con el contexto erróneo: recuerda que sqrt(a + b) != sqrt(a) + sqrt(b),5,3.605551275463989,False,False,6.17
deepseek,Contexto Previo,Calcular la derivada de sin(x^2); sin y con el contexto: recuerda la regla de la cadena: f(g(x))' = f'(g(x)) * g'(x),"2,2","2,2",False,False,5.65
deepseek,Contexto Previo,Calcular el límite lim_{x->0} (sin(x)/x); sin y con el contexto: recuerda la regla de L'Hôpital: lim_{x->a} = f(x)/g(x) = f'(x)/g'(x),1,1,True,False,4.26
deepseek,Contexto Previo,Calcular log(2 + 3); sin y con el contexto: recuerda que log(a + b) != log(a) + log(b),"0.69897,2,3,5",0.6826,False,False,7.78
deepseek,Contexto Previo,Probabilidad tipo Bayes; sin y con contexto,0.0833,0.091,False,False,8.97
deepseek,Contexto Previo,Probabilidad tipo Bayes; sin y con contexto,0.89,0.14,False,False,7.26
deepseek,Contexto Previo,Probabilidad tipo Bayes; sin y con contexto,0.0045,0.0045,True,False,6.32
deepseek,Contexto Previo,Derivar el límite lim{x->0} ((1 + x)^(1/x)); sin y con el contexto: recuerda la definición del número e,2.718281828459045,2.718281828459045,True,False,9.08
deepseek,Contexto Previo,Calcular el valor de x donde la función -x^2 + 6*x alcanza su máximo; sin y con el contexto: ten en cuenta que el vértice de una parábola ax^2 + bx + c se encuentra en x = -b/(2a),6,6,True,False,4.85
deepseek,Contexto Previo,Calcular la derivada de ln(sin(x)); sin y con el contexto: ten en cuenta la regla de la cadena: f(g(x))' = f'(g(x)) * g'(x),"1,1","1,1",False,False,16.48
deepseek,Contexto Previo,Resolver la ecuacion x^3 - 4x = 0; sin y con contexto previo,"-2,0,2","-2,0,2",True,False,6.49
deepseek,Contexto Previo,"Resolver el sistema x ≡ 2 (mod 5), x ≡ 3 (mod 7); sin y con el contexto: ten en cuenta el Tª chino del resto","23,35","17,35",False,False,7.99
deepseek,Contexto Previo,"Resolver el sistema x ≡ 2 (mod 3), x ≡ 3 (mod 5), x ≡ 2 (mod 7); sin y con el contexto: ten en cuenta el Tª chino del resto","-1,-1,1,1,1,1,1,1,1,1,1,1,1,1,1,1,1,1,2,2,2,2,2,2,2,2,2,2,2,2,2,2,2,2,2,2,2,2,2,2,2,2,2,2,2,2,2,2,2,2,3,3,3,3,3,3,3,3,3,3,3,3,3,3,3,3,3,3,3,3,3,3,3,3,3,3,3,3,3,3,3,3,3,4,5,5,5,5,5,5,5,5,5,5,5,5,5,5,5,5,5,5,5,5,5,5,7,7,7,7,7,7,7,7,7,7,7,7,7,7,7,7,7,7,7,8,8,8,8,8,15,15,15,15,15,15,20,21,21,21,21,21,21,21,21,21,23,23,23,23,23,23,23,23,23,23,23,23,23,23,23,23,23,23,23,23,23,23,23,23,23,105,105,105,105,105,105,105,105,105,105,105,105,105,105,105","2,2,3,3,3,5,5,7,7,83,105,105",False,False,906.03
deepseek,Contexto Previo,"Resolver el problema: Sea X ~ Binomial(n=5, p=0.3). Calcula P(X ≤ 2). Sin y con el contexto: Ten en cuenta que P(X ≤ k) = sum_{i=0}^k C(n,i) p^i (1-p)^(n-i)",0.6126,0.6126,True,False,7.61
deepseek,Contexto Previo,"Resolver el problema: Una pieza puede venir de tres fábricas A (50%), B (30%), C (20%). Sin y con el contexto: Ten en cuenta el Tª de Bayes: P(A|B) = P(B|A)P(A) / P(B). ",0.5,0.5,True,False,6.65
deepseek,Contexto Previo,Calcular la integral de e^(-x) entre 0 e infinito; sin y con el contexto: ten en cuenta que la integral converge y se puede calcular como un límite,0.5,1.781070192,False,False,6.43
deepseek,Contexto Previo,Calcular el mínimo de la función x^3 - 3x^2 + 2; sin y con el contexto: ten en cuenta que un punto crítico es mínimo si f''(x) > 0 y máximo si f''(x) < 0,-1,1,False,False,6.03
deepseek,Contexto Previo,"Calcular los valores propios o eigenvalores de la matriz [[4,1,-2],[1,3,0],[-2,0,3]]; sin y con el contexto: ten en cuenta que para calcular los eigenvalores de una matriz, debes resolver el polinomio característico det(A - λI) = 0","-1,3,4","3,3,4",False,False,8.02
deepseek,Contexto Previo,Simplificar la expresión log(e^(2*x) + e^x); sin y con el contexto: intenta factorizar antes de aplicar logaritmos,2,1,True,False,8.09
deepseek,Contexto Previo,Calcular el límite cuando x->0 de (sqrt(1 + x) - 1) / x; sin y con el contexto: intenta racionalizar multiplicando por el conjugado,0.5,0.5,True,False,5.09
deepseek,Contexto Previo,"Calcular la integral de x * cos(x^2); sin y con el contexto: recuerda que si aparece una función y su derivada, puedes hacer un cambio de variable",∫xcos(x²)dx,0.5,False,False,14.97
deepseek,Contexto Previo,Resolver la ecuacion x^5 + 3*x^4 - 5*x^3 - 15*x^2 + 4*x + 12 = 0; sin y con contexto previo,"-4,-2,-1,1,3","-3,-3,-2,1,2",False,False,10.79
deepseek,Contexto Previo,"Calcular la potencia de la matriz [[1, 1], [0, 1]]; sin y con el contexto: Ten en cuenta que algunas matrices pueden escribirse como I + N, siendo N una matriz nilpotente (N^2 = 0), lo que simplifica mucho el cálculo de potencias","0,1,1,5","0,1,1,5",True,False,9.62
deepseek,Contexto Previo,Resolver la ecuacion x^2 - 4x + 4 = 0; sin y con el contexto: recuerda que (x - 2)^2 = x^2 -4x + 4,4,4,True,False,4.73
deepseek,Contexto Previo,Resolver la ecuacion (x^2 - 1)/(x - 1) = 3; sin y con el contexto: recuerda que no se puede dividir entre 0,1,1,True,False,4.16
deepseek,Contexto Previo,Resolver la ecuacion |x - 3| = 5; sin y con el contexto: recuerda que |a| = b implica: a = b o a = -b,"-2,8","-5,5",False,False,4.81
deepseek,Contexto Previo,Resolver la ecuacion log((x+1)/10) = 2; sin y con el contexto: recuerda que log(a/b) = log(a) - log(b),100,3,False,False,4.2
deepseek,Contexto Previo,Resolver la ecuacion 2 - 3^(-x) + 3^(x+1) = 0; sin y con el contexto: recuerda las propiedades de las potencias y resuelve mediante el cambio de variable t=3^x,-1,0.3333333333,False,False,61.08
deepseek,Contexto Previo,Derivar la función x^2 * e^x; sin y con el contexto: mediante la regla del producto (fg)' = f'g + fg',"2,2","2,2",True,False,8.29
